port_name,distance_in_meters
JURONG ISLAND,0.0
PULAU BUKOM,6681.5379855826732
PULAU SEBAROK,11865.505047941659
KEPPEL - (EAST SINGAPORE),12969.542414281077
TANJUNG PELEPAS,21686.669159388191
PULAU SAMBU,22618.330921782879